{"cameraMode":{"drawMode":0,"name":"Shaded","section":"Shading Mode"},"sceneLighting":false,"audioPlay":false,"sceneViewState":{"m_AlwaysRefresh":false,"showFog":true,"showSkybox":false,"showFlares":true,"showImageEffects":true,"showParticleSystems":true,"showVisualEffectGraphs":true,"m_FxEnabled":true},"in2DMode":false,"pivot":{"x":-0.00043827295303344727,"y":0.31302928924560549,"z":-7.715642929077148},"rotation":{"x":-0.32015031576156618,"y":0.3439722955226898,"z":-0.12636004388332368,"w":-0.8738191723823547},"size":0.453858882188797,"orthographic":false}